Numero;nombre;dni;gmail;contrasena
1;Laura;12345678A;laura.gomez@gmail.com;1234
2;Carlos;23456789B;carlos.martinez@gmail.com;2345
3;Ana;34567890C;ana.perez@gmail.com;3456
4;Javier;45678901D;javier.lopez@gmail.com;4567
5;María;56789012E;maria.ruiz@gmail.com;5678
6;Sergio;67890123F;sergio.fernandez@gmail.com;6789
7;Lucía;78901234G;lucia.torres@gmail.com;7890
8;Andrés;89012345H;andres.sanchez@gmail.com;8901
9;Elena;90123456J;elena.castro@gmail.com;9012
10;Raúl;11223344K;raul.moreno@gmail.com;0123
11;Isabel;22334455L;isabel.navarro@gmail.com;1123
12;David;33445566M;david.dominguez@gmail.com;2234
13;Patricia;44556677N;patricia.vega@gmail.com;3345
14;José;55667788P;jose.ortega@gmail.com;4456
15;Cristina;66778899Q;cristina.romero@gmail.com;5567
16;Pedro;77889900R;pedro.delgado@gmail.com;6678
17;Beatriz;88990011S;beatriz.molina@gmail.com;7789
18;Álvaro;99001122T;alvaro.gil@gmail.com;8890
19;Nuria;10111213U;nuria.campos@gmail.com;9901
20;Hugo;12131415V;hugo.reyes@gmail.com;0012
