Laura;$2a$10$A7sd9fLk0xM2a1cTq7GpEu9lWZP8uYQG0FQF2XzAqV9YxH1mY8x9W
Carlos;$2a$10$D1g3T8lPzK9fS4rG8eM2qYt7JpL3aWvB6tK1rU5nO2dQ9eF4sZ0wE
Ana;$2a$10$Z0rT1pK3xN6bM8dW4eY9sC7fR2qL5vT3gJ1aX8nP9oE2hD6uM4iB
Javier;$2a$10$K9aW3eF6rL1nT8vB2qD7mC5pH4zY9tS3oX2uJ8gN5aV1bE0rL
María;$2a$10$T8fR2vL5pQ9aM7yS4dH6xE3nB1jU8zK0wG2cR5tL9pN3aQ1sD
Sergio;$2a$10$M5vJ3rQ8aC2nL6xT1yD7bZ9fG4pK0uW8sR2eN5mA9hV1tX4
Lucía;$2a$10$Y4tM2rN9aJ6pQ8vL5xB1sE3fD7kU0zR2nC5wG8mH4aV9qT1
Andrés;$2a$10$C3dR9tL2yB8aW6pM4nX1eQ7vF0kH5sJ9gN2mP8zU4aT3rL
Elena;$2a$10$B2rM6tK9xC4nY8pQ5aF7vJ1dH0zU3wG9sE2lN4aV5mR7qL
Raúl;$2a$10$L8aR5nD2pY9tM3xJ7fQ4vB6sW0kU1gH5zE8cN2mP9aT3rL
Isabel;$2a$10$V1nT6yR3pL8aK5mQ9xC2dB7sF0hJ4eN8zU2wG5vR1aP9
David;$2a$10$R3xM8nK5tL2aY9vC4pD6sF1qJ0uW7gN2zE9rB8mA5hV1T
Patricia;$2a$10$N4mA7kT9pQ2vL5yC8xD1bH3rS6wJ0uF5zE8nR2aM9tV3
José;$2a$10$T6rN2pM9aL4xC8vK5yD1fH3sQ7wJ0gE9nB2tU8zR5mA3V
Cristina;$2a$10$M2yL9aP5nR8tQ3vD6xC1bK4jS7wU0zH8eG2fN5mT9aR
Pedro;$2a$10$Y5aL2rQ9mK4xP8vC7nD3bT1fS6wU0gE9jN2zR5hV8aM3
Beatriz;$2a$10$A7xT4pL9nR5vQ2yD8mK1fC6sW3jU0zH9gE2nB5rM8tV
Álvaro;$2a$10$P9nL5mA7kT2vQ4xC8yD3bR1sJ6wU0eH9zN2fG5rM8aV
Nuria;$2a$10$K3rA9mL5pT8vQ2xD6yC1bR4sW7jU0nE9zH5gN2tM8aV
Hugo;$2a$10$L4aP9nM5rT2vQ8xC6yD1bK7sW3jU0zH9gE5nN2tR8aV
Irene;03ac674216f3e15c761ee1a5e255f067953623c8b388b4459e13f978d7c846f4
